drain Time (s),drain Current (A)
0.0,6.126046284832259e-12
0.143375,6.0893299951014795e-12
0.28675,6.11810688916359e-12
0.430125,6.14830278702905e-12
0.5735,6.1710714663321096e-12
0.716875,6.1728361137880494e-12
0.860251,6.1690808711434294e-12
1.003626,6.17729435312131e-12
1.147002,6.19261282877592e-12
1.290377,6.21024369082401e-12
1.433752,6.2509658907417e-12
1.577127,6.3030839228539495e-12
1.720502,6.27344834067123e-12
1.863877,6.3190581239824795e-12
2.007253,6.34443756211689e-12
2.150628,6.31507649992424e-12
2.294003,6.31777052548244e-12
2.437378,6.32690210985998e-12
2.580753,6.36290325983779e-12
2.724128,6.38643521747029e-12
2.867503,6.405782588397859e-12
3.010878,6.41039608548222e-12
3.154253,6.41269676249223e-12
3.297629,6.414366000156989e-12
3.441004,6.42334232678343e-12
3.584379,6.43093607879952e-12
3.727754,6.42316365026541e-12
3.87113,6.3978197739622496e-12
4.014505,6.3907386327333195e-12
4.15788,6.40082388134178e-12
4.301255,6.4041376368617595e-12
4.44463,6.34367471746833e-12
4.588005,6.344485267012479e-12
4.73138,6.30038989729576e-12
4.874756,6.295490170837859e-12
5.018131,6.34466437721137e-12
5.161507,6.40481721478348e-12
5.304882,6.43422598187171e-12
5.448257,6.4292668411347596e-12
5.591632,6.4047100956088295e-12
5.735007,6.39768836865895e-12
5.878382,6.412136446809489e-12
6.021757,6.408429342741329e-12
6.165132,6.4015745829260095e-12
6.308507,6.3904645464241095e-12
6.451882,6.37446649284779e-12
6.595257,6.37327430413892e-12
6.738633,6.3884379557233e-12
6.882009,6.43287896909261e-12
7.025385,6.45375246299817e-12
7.16876,6.43469088776327e-12
7.312135,6.46331339143602e-12
7.45551,6.4241767287753795e-12
7.598885,6.38370519639997e-12
7.74226,6.37462131691802e-12
7.885635,6.36830345401851e-12
8.02901,6.316590479837899e-12
8.172385,6.33720159681772e-12
8.31576,6.36067414017116e-12
8.459135,6.35615605287798e-12
8.60251,6.36044732507668e-12
8.745886,6.35544091312501e-12
8.889261,6.28792070495043e-12
9.032636,6.27198206565316e-12
9.176011,6.32662802355077e-12
9.319386,6.36084067362486e-12
9.462761,6.34251852427159e-12
9.606136,6.352079019028569e-12
9.749511,6.33957383117112e-12
9.892886,6.34132633556272e-12
10.036262,6.354451253381969e-12
10.179637,6.36508467460883e-12
10.323012,6.32554295401655e-12
10.466387,6.34189836062893e-12
10.609762,6.39648447056662e-12
10.753137,6.4047456574400894e-12
10.896512,6.42821776711267e-12
11.039887,6.418574005628839e-12
11.183262,6.41212473742603e-12
11.326637,6.41797769443397e-12
11.470012,6.41882423949025e-12
11.613387,6.4542412213375295e-12
11.756762,6.4914822649197996e-12
11.900137,6.50659821160859e-12
12.043513,6.5145853121728595e-12
12.186888,6.4699053406447294e-12
12.330264,6.44112844658262e-12
12.473639,6.47208718909664e-12
12.617015,6.4799545937410695e-12
12.76039,6.48658297214277e-12
12.903765,6.48410318493386e-12
13.04714,6.44899628490792e-12
13.190515,6.4276340326630004e-12
13.33389,6.39642505628757e-12
13.477264,6.37259472621721e-12
13.620639,6.4214349983216e-12
13.764014,6.435239494062549e-12
13.907389,6.44942519528735e-12
14.050764,6.454324921745249e-12
14.194139,6.44112844658262e-12
14.337514,6.448042620677e-12
14.480889,6.4310791934862896e-12
14.624264,6.4237595277794e-12
14.76764,6.39768836865895e-12
14.911015,6.3949587812695e-12
15.05439,6.3851120571389896e-12
15.197765,6.4096926551127095e-12
15.34114,6.39958398773732e-12
15.484515,6.375205485048549e-12
15.627891,6.39537598226547e-12
15.771266,6.41306625859261e-12
15.914642,6.45867604190387e-12
16.058017,6.46300330961469e-12
16.201392,6.43433353472722e-12
16.344767,6.41529581194011e-12
16.488142,6.3903569935686e-12
16.631518,6.39151362044621e-12
16.774893,6.42000428513478e-12
16.918268,6.40661742407067e-12
17.061643,6.35600079512688e-12
17.205018,6.347787313149e-12
17.348393,6.34355545522935e-12
17.491768,6.33995547033583e-12
17.635143,6.3486338582052795e-12
17.778519,6.33728529722544e-12
17.921894,6.347477665008539e-12
18.065269,6.35275859695028e-12
18.208644,6.3462971856831395e-12
18.352018,6.3402178472615796e-12
18.495393,6.3235046539322794e-12
18.638768,6.32627023683385e-12
18.782143,6.34622562833975e-12
18.925518,6.3852547381448895e-12
19.068893,6.3999651932211696e-12
19.212268,6.4179659850505095e-12
19.355643,6.45208365901428e-12
19.499018,6.411218778090699e-12
19.642393,6.367897962406e-12
19.785768,6.3474416694964096e-12
19.929143,6.31179830623552e-12
20.072518,6.30737562873351e-12
20.215893,6.33616466585996e-12
20.359268,6.3353064114202195e-12
20.502643,6.3375593835346395e-12
20.646018,6.30761371953059e-12
20.789393,6.2689901013379695e-12
20.932768,6.25240831331197e-12
21.076144,6.24418268826976e-12
21.219519,6.29786240519126e-12
21.362894,6.31527902889006e-12
21.506269,6.3020109963840594e-12
21.649644,6.34278046751646e-12
21.793019,6.385588672414009e-12
21.936394,6.38076093698037e-12
22.079769,6.3764453786530094e-12
22.223143,6.367051851030589e-12
22.366518,6.37803091591005e-12
22.509893,6.383585934161e-12
22.653268,6.35151870334583e-12
22.796643,6.3757180958357e-12
22.940018,6.39389756418307e-12
23.083393,6.39456499904045e-12
23.226767,6.39807000782366e-12
23.370142,6.38443247921727e-12
23.513517,6.40497203885371e-12
23.656892,6.38957029647225e-12
23.800267,6.38144008122121e-12
23.943642,6.40137205396019e-12
24.087016,6.41672609144606e-12
24.230391,6.45283479427938e-12
24.373766,6.4626815184098995e-12
24.517141,6.45300176141395e-12
24.660516,6.4282060577292e-12
24.803891,6.37774468653651e-12
24.947266,6.325292720155139e-12
25.090641,6.35328291712089e-12
25.234016,6.35393864259481e-12
25.377391,6.34869327248433e-12
25.520766,6.386387512574699e-12
25.664142,6.39684225728354e-12
25.807517,6.380724941468239e-12
25.950892,6.3737630624782795e-12
26.094267,6.32905967218322e-12
26.237642,6.344378147837839e-12
26.381017,6.33853690021335e-12
26.524392,6.33612867034783e-12
26.667767,6.2853455079503494e-12
26.811142,6.2440157211351996e-12
26.954517,6.24556569656098e-12
27.097892,6.2580227458419694e-12
27.241267,6.284570953918319e-12
27.384643,6.29946008551263e-12
27.528018,6.31448018872938e-12
27.671393,6.322658108876e-12
27.814768,6.28647828238016e-12
27.958143,6.27635747194044e-12
28.101518,6.26920477336812e-12
28.244894,6.26372087877969e-12
28.388269,6.2356591244705495e-12
28.531644,6.2591555202717896e-12
28.675019,6.26165872624762e-12
28.818395,6.24650721772757e-12
28.96177,6.2435868107557595e-12
29.105145,6.2328696891211796e-12
29.24852,6.24426595499661e-12
29.391895,6.22962705726371e-12
29.535271,6.22271288316933e-12
29.678646,6.2286139787537395e-12
29.822021,6.25706908161106e-12
29.965395,6.2447070084403796e-12
30.10877,6.24198913043439e-12
30.252145,6.21676451637021e-12
30.39552,6.2197564806853995e-12
30.538896,6.21169825645862e-12
30.682271,6.16710198533821e-12
30.825646,6.14943512777799e-12
30.969021,6.1586621219467095e-12
31.112397,6.1740161594325794e-12
31.255772,6.1518789194747696e-12
31.399147,6.12016904169566e-12
31.542522,6.122481861770001e-12
31.685897,6.1134578302479695e-12
31.829272,6.06566663216568e-12
31.972647,6.04715366323005e-12
32.116022,6.0532334353324794e-12
32.259397,6.087469937854359e-12
32.402772,6.081771804916649e-12
32.546147,6.1143277940711694e-12
32.689522,6.14125720763137e-12
32.832897,6.151521132757849e-12
32.976272,6.1567426504205395e-12
33.119647,6.1236024931354794e-12
33.263022,6.08991372955114e-12
33.406397,6.088054105984899e-12
33.549773,6.07662227827821e-12
33.693148,6.065833599300239e-12
33.836523,6.089127032454789e-12
33.979897,6.10070240852911e-12
34.123272,6.06242443398908e-12
34.266647,6.00847019707751e-12
34.410022,5.988454957611689e-12
34.553397,5.97426882270602e-12
34.696772,5.9725644568908696e-12
34.840148,5.95909346173817e-12
34.983523,5.96523308180053e-12
35.126898,5.94370386242105e-12
35.270274,5.93565691389686e-12
35.413649,5.91355566945118e-12
35.557024,5.92496407839094e-12
35.700399,5.94540822823619e-12
35.843774,5.9681534887723296e-12
35.987149,5.99685925917193e-12
36.130524,5.96333746272215e-12
36.273899,5.9283853867664294e-12
36.417274,5.9378149099009696e-12
36.560649,5.91312675907174e-12
36.704024,5.89821334134877e-12
36.8474,5.8760288301762395e-12
36.990775,5.87925931896938e-12
37.13415,5.86508532712804e-12
37.277525,5.84762099853364e-12
37.420901,5.85849294423846e-12
37.564275,5.86698051252554e-12
37.70765,5.85224620500147e-12
37.851026,5.8570982265637695e-12
37.994401,5.84681044898949e-12
38.137777,5.8475377318068e-12
38.281152,5.81079715594734e-12
38.424526,5.81268063196139e-12
38.567901,5.81070174615617e-12
38.711276,5.80945014316825e-12
38.854651,5.802202468485619e-12
38.998026,5.8167576658107995e-12
39.141401,5.8282970463730005e-12
39.284776,5.80481279363609e-12
39.428151,5.80084331264219e-12
39.571526,5.8061125352004694e-12
39.714901,5.84682215837296e-12
39.858276,5.9067846100435695e-12
40.001651,5.93397640052951e-12
40.145026,5.94780431503739e-12
40.288401,5.91385360820817e-12
40.431776,5.90136056341506e-12
40.575151,5.89082255197937e-12
40.718527,5.90723780655167e-12
40.861902,5.89755761587485e-12
41.005278,5.86646790173839e-12
41.148653,5.888545727417149e-12
41.292029,5.9134841121077895e-12
41.435405,5.95994000679445e-12
41.57878,5.94165341927244e-12
41.722155,5.90338715411587e-12
41.86553,5.8915376917323395e-12
42.008906,5.8410884636039796e-12
42.152282,5.8537601849151196e-12
42.295657,5.8544996107967595e-12
42.439033,5.87301257973238e-12
42.582408,5.9145691816420194e-12
42.725783,5.93460827355563e-12
42.869159,5.9238078851942e-12
43.012535,5.906045617842799e-12
43.15591,5.88948724858374e-12
43.299285,5.88504071863394e-12
43.442661,5.87301257973238e-12
43.586036,5.89338560591512e-12
43.729412,5.91611872338693e-12
43.872787,5.92039828620217e-12
44.016162,5.9160948709391394e-12
44.159537,5.91622584256157e-12
44.302912,5.927026230923e-12
44.446287,5.9012295917926195e-12
44.589662,5.872881608109949e-12
44.733037,5.8594704609171694e-12
44.876412,5.87235685425846e-12
45.019788,5.9004307516319395e-12
45.163163,5.9134125547644095e-12
45.306539,5.92954157996317e-12
45.449914,5.91729876903146e-12
45.593289,5.91700083027447e-12
45.736665,5.90374494083279e-12
45.88004,5.89309937654159e-12
46.023416,5.89761746383477e-12
46.166791,5.89833260358774e-12
46.310166,5.88009372096132e-12
46.453541,5.8123349883088e-12
46.596916,5.7675361882225694e-12
46.740291,5.78728905076265e-12
46.883666,5.816709960915209e-12
47.027042,5.81187008241724e-12
47.170417,5.789661285116039e-12
47.313793,5.82115649086501e-12
47.457168,5.824065188453349e-12
47.600543,5.81555376771847e-12
47.743918,5.805516224005599e-12
47.887294,5.81356273884892e-12
48.030669,5.810392098015699e-12
48.174044,5.819356715258679e-12
48.317419,5.8204413511120395e-12
48.460794,5.8195592442245e-12
48.604169,5.81437372207394e-12
48.747544,5.78099504031093e-12
48.890919,5.77828887168841e-12
49.034294,5.80329881372244e-12
49.177669,5.806743974545719e-12
49.321045,5.828928919399119e-12
49.464421,5.86484680265009e-12
49.607796,5.84194671804372e-12
49.751171,5.802202468485619e-12
49.894545,5.79589631496957e-12
50.03792,5.78263999184703e-12
50.181296,5.7830571928430005e-12
50.324671,5.77683473973467e-12
50.468046,5.76820362307995e-12
50.611421,5.782759254086e-12
50.754796,5.794525016061809e-12
50.898171,5.8130861235738994e-12
51.041546,5.825829402228419e-12
51.184922,5.81458796042322e-12
51.328297,5.80946228623258e-12
51.471673,5.8166861084674195e-12
51.615048,5.833339887517659e-12
51.758423,5.79012619100761e-12
51.901799,5.72072294049986e-12
52.045174,5.663871715383409e-12
52.188549,5.66833038839754e-12
52.331924,5.67626978406621e-12
52.475299,5.6863667420581395e-12
52.618674,5.69713113490744e-12
52.762049,5.68140760132119e-12
52.905424,5.637812699327279e-12
53.0488,5.67442186988343e-12
53.192175,5.65259471174695e-12
53.335551,5.65811416816664e-12
53.478926,5.66344280500397e-12
53.622301,5.650758940628499e-12
53.765677,5.60370673474697e-12
53.909052,5.59816385956036e-12
54.052427,5.605483091586369e-12
54.195802,5.63280585369474e-12
54.339177,5.5932285712711994e-12
54.482552,5.5605888817089594e-12
54.625927,5.55355544537561e-12
54.769303,5.5986764703475094e-12
54.912678,5.611109667180699e-12
55.056053,5.58931850455635e-12
55.199428,5.5749176976205295e-12
55.342803,5.5970670806426695e-12
55.486178,5.62608249918273e-12
55.629553,5.63191203742375e-12
55.772928,5.64962616619868e-12
55.916304,5.67104826640352e-12
56.059679,5.66737672416662e-12
56.203054,5.62404419909845e-12
56.34643,5.60455327980325e-12
56.489805,5.6120039171325694e-12
56.63318,5.63534505518271e-12
56.776555,5.65412040104407e-12
56.91993,5.6182862182008194e-12
57.063305,5.61010829805419e-12
57.20668,5.57879220250412e-12
57.350055,5.566632658299259e-12
57.493431,5.5774091942128995e-12
57.636806,5.5484531899518995e-12
57.780181,5.54846533301623e-12
57.923556,5.5703640484960895e-12
58.066931,5.56359298908848e-12
58.210306,5.54890638646e-12
58.353681,5.52319301405646e-12
58.497056,5.4962397480484696e-12
58.640431,5.4943202765223e-12
58.783805,5.50652752562275e-12
58.92718,5.51863936493202e-12
59.070555,5.50414314820502e-12
59.21393,5.528199859689e-12
59.357306,5.52089233704645e-12
59.500681,5.5093052515886595e-12
59.644056,5.510008248277299e-12
59.787431,5.48728727386982e-12
59.930806,5.4815292929721895e-12
60.074181,5.4877044748657995e-12
60.217556,5.45244231708875e-12
60.360931,5.4449439748638394e-12
60.504306,5.45465972737191e-12
60.647681,5.46857134228751e-12
60.791056,5.47485364335576e-12
60.934431,5.4562092691168296e-12
61.077806,5.4380536532172595e-12
61.221181,5.42606107614696e-12
61.364556,5.4542420926950695e-12
61.507931,5.4436446669803296e-12
61.651306,5.4565549127694196e-12
61.794681,5.44751873818305e-12
61.938056,5.444633893042509e-12
62.081431,5.43458463994617e-12
62.224807,5.44162978566298e-12
62.368183,5.413007715671099e-12
62.511559,5.36276101650857e-12
62.654934,5.3461553760347796e-12
62.798308,5.32903669109297e-12
62.941683,5.28227114826585e-12
63.085058,5.31086936580993e-12
63.228433,5.350732877607009e-12
63.371808,5.36904331757682e-12
63.515183,5.38848653197643e-12
63.658558,5.3722261014743596e-12
63.801934,5.39009592168127e-12
63.94531,5.38623355986201e-12
64.088685,5.365061693518579e-12
64.23206,5.366563964048779e-12
64.375435,5.37941479555881e-12
64.51881,5.9827446816096395e-12
64.662185,2.00856935250737e-11
64.80556,4.19985296540304e-11
64.948935,6.10108283338739e-11
65.092311,7.62995222558516e-11
65.235686,8.99896060446714e-11
66.012755,1.21507401362742e-10
66.15613,1.07399936166708e-10
66.933178,7.661397904978879e-11
67.076553,7.4163508667624e-11
67.219928,7.21435827744088e-11
67.363303,6.985039630036379e-11
67.506679,6.79657025104419e-11
67.650054,6.579890104996269e-11
67.793429,6.42685904495011e-11
67.936804,6.274360198066379e-11
68.080179,6.13442421859567e-11
68.223555,6.039184430317589e-11
68.36693,5.89239143589104e-11
68.510306,5.78526740402374e-11
68.653682,5.6550195082216697e-11
68.797058,5.5926933223426894e-11
68.940434,5.4851984065962295e-11
69.083809,5.32898898619738e-11
69.227184,6.949945480227979e-11
69.370559,9.999730904430849e-11
70.147633,1.85403220553937e-10
70.291009,1.99533459199763e-10
70.434384,2.0485603491327e-10
70.577759,1.88530913103335e-10
70.721134,1.68686981050215e-10
70.864509,1.5288090238208e-10
71.007884,1.40749453758637e-10
71.151259,1.32066954594556e-10
71.294635,1.26861687821389e-10
71.43801,1.22821919301686e-10
71.581385,1.19074222704185e-10
71.72476,1.1548840356256901e-10
71.868136,1.1177313241628201e-10
72.011511,1.08868115911154e-10
72.154886,1.05492115043404e-10
72.298262,1.03523849215303e-10
72.441637,1.00786920476104e-10
73.218664,9.071696865925459e-11
73.362039,8.84282508328837e-11
73.505414,8.757951308613339e-11
73.648789,8.682492919076519e-11
73.792164,9.6570168528487e-11
74.569317,2.03392733211238e-10
74.712692,2.11735726174389e-10
74.856067,2.23859070169752e-10
74.999442,2.29005689411643e-10
75.142817,2.21523271948243e-10
75.286192,2.0651078069811002e-10
75.429567,1.93135257786636e-10
75.572942,1.81669831955666e-10
75.716317,1.72153943878151e-10
75.859692,1.62994617802781e-10
76.003067,1.56467311329678e-10
76.146443,1.54205440083821e-10
76.289818,1.50593509884445e-10
76.433193,1.45745512880602e-10
76.576569,1.40543812698901e-10
76.719944,1.36651745474836e-10
76.863319,1.35467401185529e-10
77.006694,1.33723615514114e-10
77.150069,1.31028049521476e-10
77.293445,1.27318502962659e-10
77.43682,1.23278012797989e-10
77.580195,1.19754900440583e-10
77.723571,1.16876480715788e-10
77.866946,1.13745450558422e-10
78.010321,1.13031743687042e-10
78.153696,1.11653325474137e-10
78.297072,1.09904051137644e-10
78.440447,1.36336442135843e-10
78.583822,1.76796549622438e-10
78.727197,2.05728281632567e-10
78.870572,2.22680568429112e-10
79.013947,2.37789510304509e-10
79.157323,2.40993253131094e-10
79.300698,2.46750953003527e-10
79.444073,2.52035364800562e-10
79.587448,2.59232024735212e-10
79.730823,2.52107973386373e-10
79.874198,2.30018254443465e-10
80.017572,2.13218331879261e-10
80.160947,2.02931879633717e-10
80.304322,1.94349161763974e-10
80.447697,1.8999039841372e-10
80.591072,1.81026332812806e-10
80.734447,1.7525529638629e-10
80.877822,1.73602451858379e-10
81.021197,1.66035407644927e-10
81.164573,1.63133617725464e-10
81.307948,1.64108629463477e-10
81.451323,1.5768694683338e-10
81.594698,1.5322458579714002e-10
81.738073,1.47816051065952e-10
81.881448,1.42236819544728e-10
82.024823,1.40076034105263e-10
82.168198,1.39736527904333e-10
82.311574,1.40814179760973e-10
82.454949,1.4214635024600901e-10
82.598325,1.40357725442186e-10
82.741701,1.37936467803357e-10
82.885077,1.31840219297352e-10
83.028453,1.53597704000141e-10
83.171827,1.92456953151954e-10
83.315202,2.21379872766825e-10
83.458577,2.42896536217785e-10
83.601952,2.54990445425207e-10
83.745327,2.63296717761818e-10
83.888702,2.7179300476909403e-10
84.032077,2.7621793741161603e-10
84.175452,2.91858426315628e-10
84.318828,2.88194995645696e-10
84.462203,2.65890587325401e-10
84.605578,2.49027132248614e-10
84.748953,2.37489333754226e-10
84.892329,2.27884280890045e-10
85.035703,2.21526380572712e-10
85.179078,2.15163581396283e-10
85.322453,2.07540623575753e-10
85.465829,1.93769930656451e-10
85.609205,1.87518708893997e-10
85.75258,1.8385493127937002e-10
85.895956,1.81554313249954e-10
86.039331,1.78025483243971e-10
86.182706,1.74224135118806e-10
86.326081,1.69768921143287e-10
86.469456,1.67664049310901e-10
86.612831,1.64122701540315e-10
86.756206,1.60901902912514e-10
86.899581,1.56991239452786e-10
87.042956,1.56167509479666e-10
87.186332,1.54776802485657e-10
87.329707,1.51285650673572e-10
87.473082,1.48681275624618e-10
87.616457,1.65200103596774e-10
87.759832,2.03328368031386e-10
87.903208,2.30272162449197e-10
88.046583,2.5085378219102903e-10
88.189957,2.6832008837018903e-10
88.333332,2.80736794922021e-10
88.476707,2.92766672016498e-10
88.620082,3.01131120039599e-10
88.763458,3.0493055303004703e-10
88.906833,3.09448716651062e-10
89.050209,2.92410234914442e-10
89.193584,2.74605144179318e-10
89.336959,2.67363770012352e-10
89.480334,2.62389887595305e-10
89.623709,2.50465509443742e-10
89.767085,2.31221430890827e-10
89.91046,2.24489676847739e-10
90.053836,2.17935072766018e-10
90.197211,2.11249698289784e-10
90.340585,2.05041400525019e-10
90.483959,1.9989740418502301e-10
90.627334,1.97926869338616e-10
90.770709,2.02041619545845e-10
90.914084,2.0263551947508102e-10
91.057459,2.02192415588165e-10
91.200835,1.96758026538291e-10
91.34421,1.95311419814992e-10
91.487586,1.93215846100436e-10
91.630961,1.90434806812689e-10
91.774336,1.8412255053945601e-10
91.917711,1.815507327807e-10
92.061086,1.79057477178723e-10
92.204461,1.8980121641032401e-10
92.347836,2.29442354005016e-10
92.491211,2.53381371440042e-10
92.634586,2.72691008662562e-10
92.777961,2.92775859112027e-10
92.921336,3.1013439039107e-10
93.064712,3.26940891026695e-10
93.208087,3.31932065167351e-10
93.351462,3.32953914439216e-10
93.494837,3.29775207141836e-10
93.638212,3.07696812473779e-10
93.781587,2.83344847584743e-10
93.924962,2.63517846432748e-10
94.068338,2.56455884306561e-10
94.211713,2.52838611158879e-10
94.355088,2.5502144840317e-10
94.498463,2.53094906144113e-10
94.641839,2.46286990801536e-10
94.785214,2.41288655722371e-10
94.928589,2.34902264306669e-10
95.071964,2.31424324148577e-10
95.215339,2.29115962313564e-10
95.358714,2.27552768294892e-10
95.502089,2.2491096485222101e-10
95.645465,2.21604692929311e-10
95.78884,2.15829368266363e-10
95.932215,2.11693038099092e-10
96.07559,2.1067356192894201e-10
96.218965,2.0929359634269701e-10
96.36234,2.0847522319567002e-10
96.505715,2.0364379627047002e-10
96.64909,1.95113897261123e-10
96.792466,2.06949707370896e-10
96.935841,2.50044346339351e-10
97.079216,2.87858598069235e-10
97.222591,3.03080421870661e-10
97.365966,3.16163178970541e-10
97.509342,3.29219318473406e-10
97.652717,3.39696631934672e-10
97.796092,3.5870170722596103e-10
97.939467,3.8410150060563803e-10
98.082842,3.94318799834537e-10
98.226217,3.61500607226617e-10
98.369592,3.2915054015703003e-10
98.512967,2.92081830943758e-10
98.656342,2.84212570145215e-10
98.799717,2.84850837362072e-10
98.943092,2.81773326893386e-10
99.086467,2.76466599613556e-10
99.229842,2.65829080969837e-10
99.373217,2.5940941061897103e-10
99.516593,2.5558005711801e-10
99.659968,2.50020504299897e-10
99.803343,2.46371506529286e-10
99.946718,2.44781500624569e-10
100.090093,2.36783620488623e-10
100.233468,2.3207663568669501e-10
100.376843,2.29675639618065e-10
100.520218,2.22680915373807e-10
100.663593,2.21780177556141e-10
100.806968,2.2067117577684301e-10
100.950343,2.13615056199323e-10
101.093718,2.12803483168322e-10
101.237093,2.1385597459566702e-10
101.380468,2.25026955402718e-10
101.523844,2.78828626854022e-10
101.667219,3.1390393062658e-10
101.810594,3.31107613549264e-10
101.953969,3.46283307584017e-10
102.097344,3.61118912550751e-10
102.240719,3.7040948086541903e-10
102.384095,3.7848804645968e-10
102.52747,3.88031939912992e-10
102.670845,3.88024806730058e-10
102.81422,3.62552043942088e-10
102.957595,3.29806321142101e-10
103.100971,3.06546094064331e-10
103.244346,2.93027158093651e-10
103.387722,2.86366347301836e-10
103.531098,2.7450536288498003e-10
103.674473,2.75490408263579e-10
103.817848,2.70854477735227e-10
103.961223,2.61919735899951e-10
104.104598,2.4878824000929e-10
104.247973,2.39361530596227e-10
104.391348,2.41902109454628e-10
104.534724,2.38076308667345e-10
104.678099,2.47543929798866e-10
104.821474,2.49323117706979e-10
104.96485,2.37441066808231e-10
105.108225,2.3037337315567901e-10
105.251601,2.24413751470642e-10
105.394976,2.27072943781437e-10
105.538351,2.23865509463295e-10
105.681726,2.13665363180127e-10
105.825101,2.10397116395811e-10
105.968476,2.12890982620451e-10
106.111851,2.65649668929058e-10
106.255226,3.13560954978698e-10
106.398601,3.38330724547475e-10
106.541976,3.5119163133146003e-10
106.685351,3.60964647061479e-10
106.828726,3.65772717669799e-10
106.972101,3.80724174409153e-10
107.115476,3.87301440918364e-10
107.258851,3.75637881910862e-10
107.402226,3.55416640562822e-10
107.545601,3.31512789442101e-10
107.688976,3.10587860985478e-10
107.83235,3.0185590138565e-10
107.975725,2.94864521688254e-10
108.1191,2.7561794513353303e-10
108.262475,2.69371747130265e-10
108.40585,2.6335680858302603e-10
108.549225,2.52940640654842e-10
108.6926,2.43282061163086e-10
108.835975,2.38515013295526e-10
108.97935,2.42146608320226e-10
109.122725,2.43834480384564e-10
109.266099,2.36583586055161e-10
109.409474,2.3776317026325005e-10
109.552849,2.34501584817082e-10
109.696224,2.26585972207261e-10
109.839598,2.18602413948332e-10
109.982973,2.19388715527735e-10
110.126348,2.19716536631331e-10
110.269723,2.15700735051172e-10
110.413098,2.1347439094210301e-10
110.556473,2.21583834614236e-10
110.699848,2.67639632678396e-10
110.843223,3.0745314627544903e-10
110.986598,3.32344290976394e-10
111.129973,3.50035056495557e-10
111.273349,3.6765968047802703e-10
111.416724,3.87986781591465e-10
111.560099,3.93545029897524e-10
111.703474,3.92062882159649e-10
111.846849,3.84904719208379e-10
111.990225,3.61279117733204e-10
112.1336,3.38950034706187e-10
112.276975,3.26354027135878e-10
112.420351,3.28408938932157e-10
112.563726,3.36337319106761e-10
112.707101,3.29085342309909e-10
112.850476,3.11817516251978e-10
112.993852,3.09401393394637e-10
113.137227,3.12579268024749e-10
113.280603,2.99359786959386e-10
113.423978,2.86831142171096e-10
113.567353,2.77017214722619e-10
113.710728,2.7045893302712903e-10
113.854104,2.64904848057412e-10
113.997479,2.5953422744251503e-10
114.140854,2.58593313429145e-10
114.28423,2.53298382268952e-10
114.427605,2.43174785863332e-10
114.57098,2.36261482600142e-10
114.714355,2.30238675347216e-10
114.857731,2.31023422614385e-10
115.001106,2.29150767805386e-10
115.144481,2.31826058350038e-10
115.287856,2.77699335748949e-10
115.431232,3.2427369123233503e-10
115.574608,3.54892948362107e-10
115.717983,3.68071434442285e-10
115.861358,3.84593357161123e-10
116.004733,4.01124938820274e-10
116.148108,4.258123575962e-10
116.291483,4.27215568477024e-10
116.434858,4.1896949798392303e-10
116.578233,3.92041898944484e-10
116.721608,3.76945835656173e-10
116.864984,3.53920198703506e-10
117.008359,3.30009103377549e-10
117.151734,3.04689995456187e-10
117.295109,2.95727248245115e-10
117.438484,2.9180929894678803e-10
117.581859,2.81200646101709e-10
117.725234,2.7617214071185003e-10
117.868609,2.69903877025968e-10
118.011984,2.64684663076054e-10
118.155359,2.61583810168275e-10
118.298735,2.64472832522955e-10
118.44211,2.5883112320102e-10
118.585485,2.56713261759245e-10
118.72886,2.45985037894414e-10
118.872235,2.37958430737706e-10
119.01561,2.29431626475041e-10
119.158985,2.20473764245277e-10
119.30236,2.20031132203147e-10
119.445735,2.20462550992728e-10
119.58911,2.17136739144586e-10
119.732485,2.17223877774231e-10
119.87586,2.59353039044896e-10
120.019235,2.99482688648212e-10
120.16261,3.17873588562279e-10
120.305986,3.2091712620641e-10
120.449361,3.35357908110012e-10
120.592736,3.48139628236765e-10
120.736112,3.62160301747849e-10
120.879487,3.81378650882169e-10
121.022863,3.9538441964914703e-10
121.166238,3.8590228235158003e-10
121.309613,3.6540506731519403e-10
121.452988,3.44849343525411e-10
121.596363,3.28668953164524e-10
121.739739,3.22781551487239e-10
121.883114,3.13973069765439e-10
122.026489,2.99581526252979e-10
122.169864,2.85519580200955e-10
122.313239,2.74496786412115e-10
122.456614,2.64056443377569e-10
122.599989,2.5959598359826e-10
122.743364,2.51876464130163e-10
122.886739,2.45825415579048e-10
123.030114,2.36673347586702e-10
123.173489,2.3605692400785503e-10
123.316864,2.29708779775351e-10
123.460239,2.2428034429644601e-10
123.603614,2.1893548085572002e-10
123.746989,2.13017700700924e-10
123.890364,2.10885045537346e-10
124.033739,2.12207432181977e-10
124.177115,2.14943882137497e-10
124.320491,2.11820477824531e-10
124.463866,2.42369652125873e-10
124.607241,2.81687617675885e-10
124.750616,3.02229880011495e-10
124.893991,3.16689008350579e-10
125.037366,3.30035193618627e-10
125.180741,3.3770905516483703e-10
125.324116,3.42024547572706e-10
125.467491,3.69602903838029e-10
125.610866,3.86007170671832e-10
125.754242,3.79777764791811e-10
125.897617,3.56204871154731e-10
126.040992,3.3758101869452203e-10
126.184367,3.21973780970097e-10
126.327742,3.04315322940951e-10
126.471117,2.93737284495776e-10
126.614492,2.87367213358536e-10
126.757867,2.8235649929264603e-10
126.901242,2.74574141201356e-10
127.044617,2.62135979589573e-10
127.187992,2.56232729478612e-10
127.331367,2.53071424927143e-10
127.474742,2.49742143632048e-10
127.618117,2.4469518078440403e-10
127.761492,2.43559228341184e-10
127.904867,2.47804998743106e-10
128.048242,2.40201109003024e-10
128.191617,2.33741859201331e-10
128.334993,2.25732085801233e-10
128.478369,2.2153090473153702e-10
128.621745,2.20691437347043e-10
128.76512,2.18150247865978e-10
128.908495,2.12513076580656e-10
129.05187,2.33184915821028e-10
129.195245,2.7843380379089e-10
129.33862,3.14286346947412e-10
129.481995,3.50564466344849e-10
129.62537,3.6711728101934703e-10
129.768745,3.9103756344083303e-10
129.912121,4.03512695479336e-10
130.055496,4.0773878717814703e-10
130.198871,4.05126904245989e-10
130.342246,3.92918336755699e-10
130.485621,3.69755975837549e-10
130.628996,3.47064960104504e-10
130.772372,3.43289952020598e-10
130.915747,3.33865157742252e-10
131.059122,3.18533283083511e-10
131.202497,3.05585501347849e-10
131.345872,3.02830205356486e-10
131.489247,3.00290931010139e-10
131.632622,3.00457714264013e-10
131.775997,2.93521290606336e-10
131.919372,2.81833167914414e-10
132.062747,2.77223827227502e-10
132.206123,2.78869510816904e-10
132.349498,2.76172029689548e-10
132.492874,2.71737438106712e-10
132.636249,2.66428934470042e-10
132.779624,2.64164190522109e-10
132.922999,2.61573429582995e-10
133.066374,2.55571119822662e-10
133.209749,2.52946608103599e-10
133.353125,2.48348952514021e-10
133.496501,2.46646869594969e-10
133.639877,2.70353545106516e-10
133.783253,3.07204595095811e-10
133.926629,3.34749561403669e-10
134.070005,3.69285824142196e-10
134.21338,3.92699595064272e-10
134.356756,4.04628969219445e-10
134.500132,4.04998423686465e-10
134.643507,4.03277022886783e-10
134.786882,4.15293077704604e-10
134.930257,4.1258119143350303e-10
135.073632,3.87545801006084e-10
135.217008,3.6299274697171303e-10
135.360383,3.44551442932328e-10
135.503758,3.39094391454964e-10
135.647132,3.25659138544765e-10
135.790507,3.0989585897423e-10
135.933882,3.03112979160858e-10
136.077257,3.00794000818172e-10
136.220632,2.95956481544124e-10
136.364007,3.01687841375298e-10
136.507382,2.96611180061745e-10
136.650757,2.81677348112908e-10
136.794133,2.7530847046541903e-10
136.937509,2.68229827238287e-10
137.080885,2.64714361541962e-10
137.224261,2.63430582903013e-10
137.367637,2.63285976354055e-10
137.511012,2.59763710541705e-10
137.654387,2.56495241712784e-10
137.797762,2.53133042305009e-10
137.941137,2.5241148060573003e-10
138.084512,2.49389286999246e-10
138.227887,2.72453420935292e-10
138.371262,3.15951570462047e-10
138.514637,3.47653988930219e-10
138.658012,3.62527230457488e-10
138.801388,3.81047471353924e-10
138.944763,3.95966759381139e-10
139.088138,4.05387390323142e-10
139.231513,3.9281189412321303e-10
139.374888,3.8894437670578e-10
139.518263,3.88309467913572e-10
139.661639,3.7285063925196503e-10
139.805015,3.5628938688248003e-10
139.94839,3.5543976095731e-10
140.091765,3.53286261356445e-10
140.23514,3.41801864589542e-10
140.378516,3.3542249533447003e-10
140.521891,3.15032000486326e-10
140.665267,3.05951930457127e-10
140.808642,3.0320773669601005e-10
140.952017,2.97957658546011e-10
141.095392,2.94619079133085e-10
141.238767,2.94144736345814e-10
141.382143,2.91852236822265e-10
141.525518,2.81363127241363e-10
141.668893,2.70868771856669e-10
141.812268,2.6622568038980903e-10
141.955644,2.66744126786733e-10
142.099019,2.7154004045293303e-10
142.242395,2.74632205865544e-10
142.38577,2.78804063169602e-10
142.529145,2.70793554246751e-10
142.67252,2.61249410993258e-10
142.815895,2.69885169768003e-10
142.959271,2.97294022733041e-10
143.102646,3.25027699199509e-10
143.246022,3.43019002091438e-10
143.389398,3.52393503266768e-10
143.532773,3.61774082913158e-10
143.676148,3.82037262935953e-10
143.819524,3.97337301949463e-10
143.962899,4.0429007364117803e-10
144.106274,4.10798645100741e-10
144.249649,3.91094073792786e-10
144.393024,3.84274112530392e-10
144.536399,3.73121977759183e-10
144.679775,3.6781488965687004e-10
144.82315,3.65878438657319e-10
144.966525,3.61168622786678e-10
145.1099,3.55149021302736e-10
145.253275,3.47343681594836e-10
145.39665,3.40025174683234e-10
145.540026,3.34726801831664e-10
145.683402,3.26060650701621e-10
145.826778,3.19184900732239e-10
145.970153,3.07852604519709e-10
146.11353,3.0471741796489503e-10
146.256905,3.025727168815e-10
146.40028,2.96951047085159e-10
146.543656,2.9157315450945005e-10
146.687031,2.83834677983208e-10
146.830407,2.76106582042246e-10
146.973782,2.65609839678049e-10
147.117157,2.52834420066961e-10
147.260532,2.51718867971817e-10
147.403907,2.73481348678217e-10
147.547282,3.19591519915008e-10
147.690657,3.5108052576227103e-10
147.834032,3.6840591688402903e-10
147.977407,3.8634823118499603e-10
148.120783,4.06073785708116e-10
148.264158,4.18773987709287e-10
148.407533,4.1268274908468103e-10
148.550908,4.0574621440470103e-10
148.694283,4.01579020037346e-10
148.837658,3.81982195873931e-10
148.981033,3.61872531939866e-10
149.124408,3.51094237016625e-10
149.267783,3.43115202916522e-10
149.411158,3.38195804694408e-10
149.554533,3.28699567564428e-10
149.697908,3.25784677013274e-10
149.841284,3.29666016707364e-10
149.984659,3.25446475324398e-10
150.128034,3.16962345259242e-10
150.27141,3.06414477124761e-10
150.414785,3.05064667971422e-10
150.55816,3.03548075564208e-10
150.701536,3.0060839928403e-10
150.844911,2.97849300778807e-10
150.988286,2.8931079754102003e-10
151.131661,2.79028411487303e-10
151.275037,2.71951655639313e-10
151.418412,2.67788652363876e-10
151.561788,2.60196197920948e-10
151.705163,2.5652097113138004e-10
151.848538,2.59730320584239e-10
151.991913,2.7946947533941103e-10
152.135288,3.22386367601624e-10
152.278663,3.43207462449868e-10
152.422039,3.51383561136842e-10
152.565415,3.65118962841748e-10
152.70879,3.76802422596967e-10
152.852165,3.95054211566048e-10
152.99554,4.05966982253148e-10
153.138915,4.2017828105755903e-10
153.28229,4.23226093060336e-10
153.425665,4.01168570585142e-10
153.56904,3.8139985614194e-10
153.712415,3.58789192800302e-10
153.85579,3.47539164113897e-10
153.999165,3.45053069450429e-10
154.14254,3.35974220666557e-10
154.285916,3.30323574049274e-10
154.429291,3.31962929367435e-10
154.572666,3.18748472061259e-10
154.716041,3.15278525508944e-10
154.859416,3.14732767625614e-10
155.002791,3.23098520160769e-10
155.146166,3.21924431556653e-10
155.289541,3.14437142989732e-10
155.432916,3.06499603475174e-10
155.576291,2.94255009247735e-10
155.719666,2.81133644142173e-10
155.863041,2.70853034445295e-10
156.006416,2.7603230812189803e-10
156.149791,2.85710316516585e-10
156.293166,2.82604079027138e-10
156.436542,2.82939671691906e-10
156.579917,2.90188539864289e-10
156.723292,3.41917022472771e-10
156.866667,3.86157134046883e-10
157.010042,4.06376821082688e-10
157.153417,4.20433743375526e-10
157.296792,4.3633471835669003e-10
157.440167,4.37951064302666e-10
157.583542,4.4887291106299203e-10
157.726917,4.60562699089451e-10
157.870291,4.6498618844204006e-10
158.013666,4.32330726773955e-10
158.157041,3.99807909001737e-10
158.300416,3.8186392936623303e-10
158.443791,3.74123204638366e-10
158.587166,3.79124509564122e-10
158.730541,3.63870850117465e-10
158.873916,3.51055601255368e-10
159.017291,3.37769368030649e-10
159.160666,3.3420632927772e-10
159.304041,3.33770983074189e-10
159.447416,3.30847849117077e-10
159.590792,3.18576914848379e-10
159.734167,3.13991888045706e-10
159.877542,3.05211661499882e-10
160.020917,3.0228936021004e-10
160.164292,2.9813479462959e-10
160.307667,2.91901336435529e-10
160.451043,2.94520491328498e-10
160.594418,2.82288414865661e-10
160.737793,2.78382289442547e-10
160.881169,2.71972638854479e-10
161.024545,2.65236721475048e-10
161.167921,2.68228272926052e-10
161.311297,3.09901715400684e-10
161.454673,3.4697020256935203e-10
161.598049,3.64254820750531e-10
161.741424,3.87098908483097e-10
161.884799,4.1637537862016e-10
162.028174,4.42355263530203e-10
162.171549,4.4892869976997903e-10
162.314924,4.41790687366606e-10
162.458299,4.3815565065052903e-10
162.601674,4.2052006321569004e-10
162.745049,4.05193795183223e-10
162.888424,3.8731728935204005e-10
163.031799,3.69590164028821e-10
163.175175,3.6601016661919103e-10
163.31855,3.63293034544299e-10
163.461926,3.54068024899235e-10
163.605301,3.41077915910759e-10
163.748676,3.32140315251195e-10
163.892051,3.31439375944598e-10
164.035426,3.20074439175144e-10
164.178801,3.1205546480173005e-10
164.322176,3.07473768668132e-10
164.465551,3.00348745874146e-10
164.608927,2.9838681525618003e-10
164.752302,2.84348350421126e-10
164.895677,2.81934725565591e-10
165.039052,2.85198087368599e-10
165.182427,2.8555499631544003e-10
165.325802,2.80993450729738e-10
165.469177,2.75934580740156e-10
165.612552,2.71468625356874e-10
165.755927,2.82161460862795e-10
165.899302,3.34902383603009e-10
166.042678,3.70204783495254e-10
166.186053,3.78649112064977e-10
166.329428,3.85073889441756e-10
166.472804,3.89172055692555e-10
166.61618,4.005546450081e-10
166.759555,4.0783834642788003e-10
166.90293,4.20370460663122e-10
167.046305,4.12794326498656e-10
167.18968,3.87086501740797e-10
167.333055,3.60983964942108e-10
167.476431,3.51395718078962e-10
167.619806,3.54808321612055e-10
167.763181,3.51461276748566e-10
167.906557,3.48729600752051e-10
168.049933,3.71117220288042e-10
168.193308,3.75919462225482e-10
168.336683,3.87295723269787e-10
168.480058,3.8233588517400103e-10
168.623433,3.48885281775679e-10
168.766807,3.3960328993387603e-10
168.910182,3.15075743273496e-10
169.053557,3.03700092851855e-10
169.196932,3.0467389722233003e-10
169.340307,3.06379199788154e-10
169.483683,3.05362818364685e-10
169.627058,3.10833331296223e-10
169.770433,3.12473297237048e-10
169.913809,3.12881220931871e-10
170.057185,3.1630348340527803e-10
170.20056,3.05536512756888e-10
170.343936,2.9844854365634903e-10
170.487311,3.4026681472454403e-10
170.630687,3.83112069846092e-10
170.774062,4.06722294732376e-10
170.917437,4.26263552233408e-10
171.060812,4.2456482773900503e-10
171.204187,4.28276053510146e-10
171.347562,4.34306729468759e-10
171.490937,4.2567574465302006e-10
171.634312,4.34667218884854e-10
171.777687,4.2714595749338e-10
171.921062,3.96469829189172e-10
172.064437,3.75207059866156e-10
172.207812,3.69451275128441e-10
172.351187,3.4848474106397005e-10
172.494563,3.52843643192102e-10
172.637939,3.5099481654477e-10
172.781314,3.38794353682559e-10
172.92469,3.07289582668346e-10
173.068065,3.0143593177101004e-10
173.21144,3.04721581301237e-10
173.354815,3.1096897279425703e-10
173.498191,3.19464676934444e-10
173.641566,2.98460839376347e-10
173.784942,2.8994917578018e-10
173.928318,2.78463002656437e-10
174.071694,2.7707730554382703e-10
174.21507,2.74730682647828e-10
174.358445,2.64770622093735e-10
174.50182,2.59392618495724e-10
174.645195,2.63009058976138e-10
174.788571,2.61945243273942e-10
174.931947,2.60735516510735e-10
175.075322,3.01066033214781e-10
175.218697,3.32315563955632e-10
175.362072,3.53633983207757e-10
175.505447,3.81989939679528e-10
175.648822,4.03500538537216e-10
175.792197,4.1941772277454003e-10
175.935573,4.31128133193681e-10
176.078948,4.2790684884330703e-10
176.222324,4.37313657508653e-10
176.365699,4.23227175527785e-10
176.509075,3.9334438484139903e-10
176.65245,3.72179509433579e-10
176.795825,3.5582065072148303e-10
176.9392,3.47848277959528e-10
177.082577,3.31306093670491e-10
177.225952,3.28625321399656e-10
177.369327,3.20847154400283e-10
177.512702,3.12876696773046e-10
177.656077,3.0828320451981e-10
177.799453,3.04755082281005e-10
177.942829,3.07374820041062e-10
178.086204,3.08876868526653e-10
178.229579,3.04555991537114e-10
178.372954,2.93701507558808e-10
178.516329,2.83177259419176e-10
178.659705,2.73198824674026e-10
178.80308,2.73639916281709e-10
178.946456,2.79960138405144e-10
179.089831,2.75918482506299e-10
179.233206,2.71116601391341e-10
179.376581,2.65733240967236e-10
179.519955,2.8165422771842e-10
179.66333,3.1166899616685803e-10
179.806705,3.5507297102555004e-10
179.95008,3.78553494106981e-10
180.093455,3.85062814967085e-10
180.23683,3.8798295132203004e-10
180.380206,4.07162664695093e-10
180.523581,4.1069614375999203e-10
180.666956,4.25067175902072e-10
180.810332,4.318864155195e-10
180.953707,4.15200457348774e-10
181.097083,3.96707167116261e-10
181.240458,3.8179395756010603e-10
181.383833,3.66150970654289e-10
181.527208,3.56119966848922e-10
181.670584,3.44250072892294e-10
181.813959,3.36084465812903e-10
181.957334,3.37284672413674e-10
182.100709,3.31795813046654e-10
182.244084,3.11708325817506e-10
182.387459,3.11734416058584e-10
182.530834,3.17114945413977e-10
182.67421,3.14804793344337e-10
182.817586,2.9871974338568903e-10
182.960961,2.88688045690932e-10
183.104336,2.81499740184543e-10
183.247712,2.74321787507859e-10
183.391087,2.67869587622371e-10
183.534462,2.64053806597886e-10
183.677838,2.57518645296884e-10
183.821213,2.52208337547799e-10
183.964588,2.5199495268246603e-10
184.107963,2.42128234129169e-10
184.251338,2.73796540994908e-10
184.394714,3.10468789566087e-10
184.538089,3.40602268611434e-10
184.681464,3.54848983530331e-10
184.82484,3.74767300526102e-10
184.968215,4.07530065249517e-10
185.11159,4.21336049383214e-10
185.254965,4.300187705919e-10
185.398341,4.29788815647925e-10
185.541716,4.14100392864825e-10
185.685091,3.87270077117918e-10
185.828466,3.68391372962407e-10
185.971842,3.53895773796964e-10
186.115218,3.63237023792706e-10
186.258593,3.50236756263556e-10
186.401967,3.40177414015486e-10
186.545342,3.22386617401804e-10
186.688717,3.15202114409274e-10
186.832092,3.0718827481734903e-10
186.975468,3.01035169014696e-10
187.118843,3.02066566204573e-10
187.262218,3.04806097028987e-10
187.405593,2.9992794359223803e-10
187.548968,2.96198010563131e-10
187.692343,2.91631219173638e-10
187.835718,2.8834032383962003e-10
187.979094,2.7799401669526e-10
188.122469,2.72700195758091e-10
188.265844,2.76169170865259e-10
188.409219,2.69962302512639e-10
188.552594,2.7666580137975e-10
188.69597,2.78248646345958e-10
188.839345,2.95215824008821e-10
188.98272,3.39989758568748e-10
189.126095,3.68520020055385e-10
189.26947,3.86280285535889e-10
189.412845,3.89900667308041e-10
189.556221,4.00610433715087e-10
189.699597,4.19789175643004e-10
189.842972,4.2242717657181603e-10
189.986347,4.36607000553479e-10
190.129722,4.30546626128958e-10
190.273097,4.19165729903526e-10
190.416472,4.08885703073736e-10
190.559847,3.93954868727064e-10
190.703222,3.84501680494864e-10
190.846598,3.7864542057342006e-10
190.989973,3.70565633733833e-10
191.133348,3.63415353366037e-10
191.276723,3.64793528717655e-10
191.420098,3.74775516176484e-10
191.563474,3.66180891164802e-10
191.706849,3.59352936296631e-10
191.850224,3.51936813025588e-10
191.993599,3.37037564523968e-10
192.136974,3.20180409962845e-10
192.280349,3.07740333216344e-10
192.423724,3.0513763737971503e-10
192.567099,3.05907965625352e-10
192.710474,3.02233682525355e-10
192.853849,2.97612406940928e-10
192.997224,2.9523133937559004e-10
193.140599,3.00588831603221e-10
193.283974,3.07980169145239e-10
193.427349,3.37862848809323e-10
193.570724,3.89268145495336e-10
193.714099,4.2750369910749e-10
193.857474,4.28923230266776e-10
194.000849,4.4096110096703006e-10
194.144224,4.70599781365877e-10
194.287598,4.91108875788626e-10
194.430973,5.02535901780732e-10
194.574348,5.18432463625373e-10
194.717724,5.21750309623314e-10
194.861099,5.059709318189221e-10
195.004475,4.91048535167238e-10
195.14785,4.53824866575303e-10
195.291225,4.31397417788304e-10
195.4346,4.35297825562841e-10
195.577975,4.2987918780212903e-10
195.72135,3.9829789466594403e-10
195.864727,3.78747699869564e-10
196.008102,3.72092356926146e-10
196.151477,3.64505758909672e-10
196.294852,3.67518765420627e-10
196.438227,3.61417035188438e-10
196.581602,3.4625910472208003e-10
196.724977,3.2994876275616005e-10
196.868352,3.32837452043933e-10
197.011727,3.36243977105966e-10
197.155102,3.27660065746471e-10
197.298477,3.29088201134198e-10
197.441853,3.31951854892765e-10
197.585228,3.31886407245463e-10
197.728603,3.24678423035962e-10
197.871978,3.1399904898421503e-10
198.015353,3.21125265267952e-10
198.158728,3.6187958185607303e-10
198.302104,3.94027116490392e-10
198.445479,4.31704977321701e-10
198.588854,4.4760953277212004e-10
198.732229,4.67388738822905e-10
198.875604,4.79886297366505e-10
199.018979,4.77271167032001e-10
199.162354,4.88359686023898e-10
199.305729,4.832250710684601e-10
199.449104,4.6347020665749e-10
199.592479,4.40480207863914e-10
199.735854,4.17324425017185e-10
199.879229,3.95655258556005e-10
200.022604,3.82619602667944e-10
200.165979,3.8577699368325103e-10
200.309355,3.83407833259852e-10
200.45273,3.6754976839859e-10
200.596105,3.56853352423414e-10
200.73948,3.53016615939339e-10
200.882855,3.57427837327506e-10
201.026231,3.6219954813177005e-10
201.169606,3.75289660459188e-10
201.312982,3.72480740695735e-10
201.456357,3.69507174857731e-10
201.599732,3.61505630985803e-10
201.743108,3.44089728931962e-10
201.886483,3.2764171931098903e-10
202.029858,3.06727032661769e-10
202.173233,3.1116748067106e-10
202.316609,3.24194060485894e-10
202.459984,3.3938479804263e-10
202.603359,3.43794215318383e-10
202.746735,3.4103891932701903e-10
202.89011,3.36056099614623e-10
203.033485,3.3225605600151203e-10
203.17686,3.27898846963492e-10
203.320236,3.2259631077558e-10
203.463611,3.12894099518957e-10
203.606986,3.18818194067205e-10
203.750362,3.24870685908252e-10
203.893737,3.11277142950317e-10
204.037112,3.00426128418962e-10
204.180487,2.92050827965795e-10
204.323862,2.85637596908472e-10
204.467238,2.91914575845098e-10
204.610613,2.9538821388897004e-10
204.753989,2.97010638306006e-10
204.897364,2.95664909222282e-10
205.040739,3.02145836128531e-10
205.184114,3.05222846996855e-10
205.327489,3.01450253648028e-10
205.470865,2.9266619683276903e-10
205.614241,2.89485324600491e-10
205.757616,2.78969514155847e-10
205.900991,2.72071948304031e-10
206.044366,2.70815370129185e-10
206.187741,2.70516276046351e-10
206.331117,2.69980898748301e-10
206.474492,2.6499127891987903e-10
206.617867,2.60779731142691e-10
206.761242,2.62762173131037e-10
206.904618,2.65070909666321e-10
207.047993,2.59646276701275e-10
207.191368,2.61188154437875e-10
207.334743,2.50416992697566e-10
207.478118,2.43491282692077e-10
207.621493,2.42323633381503e-10
207.764868,2.47565135058636e-10
207.908243,2.38275760233719e-10
208.051618,2.32284302903452e-10
208.194994,2.28590604778312e-10
208.338369,2.30853197669134e-10
208.481744,2.36147268406484e-10
208.625119,2.35858194086447e-10
208.768494,2.35877400944773e-10
208.91187,2.3528815007445303e-10
209.055245,2.3227703094264e-10
209.19862,2.27010119036031e-10
209.341995,2.31436370068394e-10
209.485371,2.3685992056599e-10
209.628746,2.38676189923126e-10
209.772121,2.39492758957738e-10
209.915496,2.41096725916989e-10
210.058871,2.41333952821776e-10
210.202246,2.34839786505958e-10
210.345621,2.36914265983046e-10
210.488996,2.33572244878744e-10
210.632371,2.26258511926147e-10
210.775746,2.21656679122439e-10
210.919121,2.20016116436739e-10
211.062497,2.17543358327354e-10
211.205872,2.16562379140584e-10
211.349247,2.15095746769478e-10
211.492622,2.1143042872040501e-10
211.635997,2.1183442500127802e-10
211.779372,2.07345127178904e-10
211.922747,2.0349705254219e-10
212.066123,2.04461086950047e-10
212.209498,2.05461855862232e-10
212.352873,1.99533931044549e-10
212.496248,2.0138453404872102e-10
212.639624,1.9888972413451e-10
212.782999,1.97195759721325e-10
212.926374,1.9812416984788e-10
213.069749,1.94665658592719e-10
213.213124,1.96039073863119e-10
213.356499,1.9673049300728e-10
213.499874,1.9669341155825702e-10
213.643249,1.94624774629837e-10
213.786625,1.95647470446758e-10
213.93,1.96528904261584e-10
214.073375,1.96588273437825e-10
214.21675,1.96048968725826e-10
214.360126,1.94928281849194e-10
214.503501,1.9705605203146301e-10
214.646876,1.97002761326281e-10
214.790251,1.95064783770071e-10
214.933626,1.90001958610964e-10
215.077001,1.89216725621222e-10
215.220377,1.90320134652033e-10
215.363752,1.90513729791952e-10
215.507127,1.88984869420317e-10
215.650502,1.87869664269869e-10
215.793877,1.83886406102118e-10
215.937252,1.82435622164689e-10
216.080628,1.8188690831255601e-10
216.224003,1.78127762540115e-10
216.367379,1.7495631332575801e-10
216.510754,1.72565337019925e-10
216.654129,1.71418546024427e-10
216.797505,1.66814437263518e-10
216.940881,1.65003177787781e-10
217.084256,1.65337799007403e-10
217.227631,1.64409513780939e-10
217.371006,1.63713931300435e-10
217.514381,1.63713806400345e-10
217.657757,1.63648844475617e-10
217.801132,1.62102692380373e-10
217.944507,1.58224697233145e-10
218.087883,1.51775592094339e-10
218.231258,1.48575179936827e-10
218.374633,1.48408174638348e-10
218.518009,1.50510312546537e-10
218.661385,1.53055540463853e-10
218.804761,1.53730264629282e-10
218.948136,1.57642357501153e-10
219.091512,1.52223580962563e-10
219.234888,1.48355008833256e-10
219.378263,1.4588427688089201e-10
219.521639,1.45297648912468e-10
219.665014,1.4336991316366002e-10
219.808389,1.42204401032409e-10
219.951764,1.47439005449002e-10
220.095139,1.4895987221486e-10
220.238514,1.48082726636467e-10
220.381889,1.49230836021808e-10
220.525264,1.50361528783449e-10
220.668639,1.5128850949786002e-10
220.812014,1.50071496896054e-10
220.95539,1.45781511862175e-10
221.098765,1.46444786852662e-10
221.24214,1.46142722923237e-10
221.385515,1.42088174559518e-10
221.528891,1.36753192103711e-10
221.672267,1.34993904943315e-10
221.815642,1.36284705742895e-10
221.959018,1.34915342786535e-10
222.102393,1.33813973790531e-10
222.245768,1.33964173087975e-10
222.389143,1.33382083156164e-10
222.532518,1.32959962484414e-10
222.675893,1.35568500869709e-10
222.819268,1.34762881409678e-10
222.962644,1.34772651372295e-10
223.106019,1.3676654253558201e-10
223.249394,1.36620756374661e-10
223.392769,1.35093214392867e-10
223.536145,1.34141198149251e-10
223.67952,1.34088268266552e-10
223.822895,1.32445929224012e-10
223.966271,1.31852501139562e-10
224.109646,1.30081889704314e-10
224.253021,1.27547139516793e-10
224.396397,1.25491256275367e-10
224.539772,1.22872462204882e-10
224.683147,1.23074647695454e-10
224.826522,1.24977819759842e-10
224.969897,1.23335119894818e-10
225.113273,1.2217211964316e-10
225.256648,1.23645663152594e-10
225.400023,1.23512977623363e-10
225.543398,1.24970908621513e-10
225.686774,1.25774377024435e-10
225.830149,1.25015262031347e-10
225.973524,1.21867294033962e-10
226.116899,1.21032836530865e-10
226.260274,1.1951005463029002e-10
226.403649,1.19378201768328e-10
226.547025,1.20216836485554e-10
226.6904,1.23465418444546e-10
226.833775,1.22768045729416e-10
226.97715,1.2142359340217e-10
227.120525,1.20213741738873e-10
227.2639,1.17959017553737e-10
227.407276,1.17624757156598e-10
227.550651,1.17780438180226e-10
227.694026,1.16568796282301e-10
227.837401,1.15458129168466e-10
227.980776,1.17351767192631e-10
228.124152,1.17547749312052e-10
228.267527,1.1794208665261201e-10
228.410902,1.1732673166342501e-10
228.554277,1.15766042585452e-10
228.697652,1.14073271662019e-10
228.841027,1.12741704860753e-10
228.984403,1.13274334356817e-10
229.127778,1.14393827743697e-10
229.271154,1.15550159718314e-10
229.414529,1.16276738237886e-10
229.557904,1.15456574856232e-10
229.70128,1.1522090226368001e-10
229.844656,1.13056418393764e-10
229.988032,1.11800665947293e-10
230.131407,1.12376330463348e-10
230.274782,1.10268467967689e-10
230.418157,1.0841810088591001e-10
230.561532,1.0736656008703e-10
230.704908,1.06062644777971e-10
230.848283,1.0574387893092001e-10
230.991658,1.06235742425298e-10
231.135033,1.0614609191606001e-10
231.278408,1.0654377380348002e-10
231.421783,1.07537624638443e-10
231.565158,1.07713934993647e-10
231.708533,1.06877083572154e-10
231.851908,1.05917448423032e-10
231.995284,1.05314493237252e-10
232.138659,1.051924172768e-10
232.282034,1.0428714142252101e-10
232.42541,1.03732585021721e-10
232.568786,1.03397845840902e-10
232.712161,1.02501271359579e-10
232.855536,1.01787328565806e-10
232.998911,1.03010891483457e-10
233.142286,1.03716368826667e-10
233.285661,1.04297633030104e-10
233.429036,1.04188560556828e-10
233.572411,1.03284117369817e-10
233.715786,1.02464550733039e-10
233.859162,1.020017820208e-10
234.002537,1.02127188650325e-10
234.145912,1.01845379352206e-10
234.289287,1.00990174556337e-10
235.066336,9.87528461782183e-11
235.209711,9.823009766707359e-11
235.353086,9.796696787134349e-11
235.496461,9.755470736783069e-11
235.639836,9.829944497274919e-11
235.783211,9.891466118405749e-11
235.926586,9.792294752841709e-11
236.069961,9.5615543260763e-11
236.213337,9.44720759954443e-11
236.356712,9.40002589655542e-11
236.500087,9.3238090859149e-11
236.643462,9.2671099960473e-11
236.786836,9.20517065350346e-11
236.930212,9.245469667629179e-11
237.073587,9.28216115081426e-11
237.216962,9.193210775970679e-11
237.360337,9.17302622749361e-11
237.503712,9.097670533586569e-11
237.647087,9.1612564756538e-11
237.790462,9.09924635639214e-11
237.933837,8.986324184778739e-11
238.077212,8.913045301817139e-11
238.220587,8.814895341435759e-11
238.363963,8.78278977323177e-11
238.507339,8.8467733139197e-11
238.650715,8.886517216533109e-11
238.79409,8.826232106295959e-11
238.937466,8.79479059023858e-11
239.080841,8.769011905496169e-11
239.224216,8.81316894463247e-11
239.367591,8.897521608375309e-11
239.510966,8.9435708838792e-11
239.654342,8.842988147295119e-11
239.797717,8.810945723025649e-11
239.941093,8.795579542475449e-11
240.084468,8.77379696673231e-11
240.227843,8.735603213017029e-11
240.371219,8.494010356185909e-11
240.514595,8.51191062078982e-11
240.65797,8.6120895137487e-11
240.801346,8.66534691223997e-11
240.944721,8.69759680943716e-11
241.088097,8.702608772503949e-11
241.231472,8.604324891470229e-11
241.374847,8.55708975899816e-11
241.518222,8.50202547253431e-11
241.661597,8.43136185868509e-11
241.804973,8.39535940766467e-11
241.948349,8.43292241592408e-11
242.091725,8.529852518757149e-11
242.2351,8.3067844269813e-11
242.378475,8.187046179886079e-11
242.52185,8.108815008345259e-11
242.665225,8.033385068273449e-11
242.8086,8.01923874527155e-11
242.951975,8.095434739230359e-11
243.095351,8.184872918315379e-11
243.238726,8.22017662271968e-11
243.382101,8.269861878629209e-11
243.525476,8.10391892480666e-11
243.668851,8.154900366097449e-11
243.812226,8.08842576249802e-11
243.955602,8.04912941854141e-11
244.098977,7.92795898374443e-11
244.242353,7.8301524986113e-11
244.385729,7.581373723253289e-11
244.529104,7.612549479674159e-11
244.67248,7.88711318477908e-11
244.815856,8.106513377237329e-11
244.959231,7.987740330284149e-11
245.102606,7.914194993796639e-11
245.245981,7.9757499216182e-11
245.389356,8.019136049641769e-11
245.532731,8.01109456549653e-11
245.676107,7.954155389899849e-11
245.819483,7.889535552640939e-11
245.962858,7.717165795284589e-11
246.106233,7.41109118518324e-11
246.249608,7.130010470923759e-11
246.392983,6.94137594625666e-11
246.536358,6.951799552679109e-11
246.679734,6.92203863672525e-11
246.823109,6.955173242895189e-11
246.966484,7.227709403201389e-11
247.109859,7.36532085321429e-11
247.253235,7.408956087529009e-11
247.39661,7.440143640069509e-11
247.539985,7.3524228372257e-11
247.68336,7.329854084803239e-11
247.826735,7.12480768827461e-11
247.97011,7.23049051187807e-11
248.113485,7.37248040394434e-11
248.25686,7.422293335501709e-11
248.400235,7.53498582972689e-11
248.54361,7.576495680838849e-11
248.686985,7.54719481355082e-11
248.83036,7.569690707587279e-11
248.973735,7.475817187518889e-11
249.11711,7.347265851276319e-11
249.260486,7.35413951957753e-11
249.403861,7.316118544320459e-11
249.547236,7.173655419689949e-11
249.690611,7.016178610319559e-11
249.833986,7.20287718358747e-11
249.977361,7.385490136124769e-11
250.120737,7.458340195443109e-11
250.264112,7.41585751140583e-11
250.407487,7.303779109291139e-11
250.550862,7.1742799201413e-11
250.694237,7.20304510481995e-11
250.837612,7.131324003539769e-11
250.980988,6.90382473411688e-11
251.124363,6.74252251253726e-11
251.267738,6.71151537123826e-11
251.411113,6.69094363248135e-11
251.554488,6.693260529155859e-11
251.697863,6.702734201002869e-11
251.841238,6.6080856064854e-11
251.984613,6.71511526939561e-11
252.127988,6.710566130552209e-11
252.271363,6.65363111829187e-11
252.414738,6.70575886485558e-11
252.558113,6.79564460259741e-11
252.701488,6.88616524913144e-11
252.844863,6.96341664885303e-11
252.988238,7.033584131788119e-11
253.131614,7.069548418892069e-11
253.274989,7.059020035171669e-11
253.418364,7.071589147589209e-11
253.561739,6.997274287767749e-11
253.705115,6.976540178893489e-11
253.84849,6.79315423357529e-11
253.991866,6.76423778100954e-11
254.135241,6.79257136648737e-11
254.278616,6.891862081026549e-11
254.421991,6.793236806412749e-11
254.565367,6.72846431348795e-11
254.708742,6.61708118854243e-11
254.852117,6.607654007284579e-11
254.995492,6.559026238806001e-11
255.138867,6.530952861849569e-11
255.282242,6.52307374782168e-11
255.425617,6.47769685113708e-11
255.568992,6.40851607891513e-11
255.712367,6.35812444360617e-11
255.855742,6.28125884638564e-11
255.999117,6.13727610399017e-11
256.142493,6.09120948125152e-11
256.285868,6.1433254316956e-11
256.429244,6.27529764263279e-11
256.57262,6.493436344179319e-11
256.715995,6.507373806474701e-11
256.85937,6.414703490609239e-11
257.002745,6.42288444652195e-11
257.146121,6.293355420128319e-11
257.289496,6.22072462985734e-11
257.432872,6.281092312931949e-11
257.576248,6.36236202611329e-11
257.719623,6.35409710958434e-11
257.862998,6.317264072963619e-11
258.006373,6.22702236996453e-11
258.149748,6.26104862400112e-11
258.293123,6.348915143616909e-11
258.436498,6.29525875872616e-11
258.579873,6.3254110282962e-11
258.723248,6.28601545815677e-11
258.866623,6.19445814087349e-11
259.009998,6.155642662264429e-11
259.153373,6.175351202619689e-11
259.296748,6.130958934980059e-11
259.440123,6.05466232705965e-11
259.583499,6.02278713013327e-11
259.726875,5.946505093890049e-11
259.87025,6.005419772581179e-11
260.013625,6.0335077212148e-11
260.157001,6.03366731577459e-11
260.300376,6.019114373589929e-11
260.443751,6.021876747253069e-11
260.587126,5.979605005590469e-11
260.730501,5.90196364003148e-11
260.873876,5.86713108652326e-11
261.017251,5.848745099346079e-11
261.160626,5.6823039329412194e-11
261.304,5.5697297468571e-11
261.447376,5.5194591952467695e-11
261.590751,5.502225064457629e-11
261.734127,5.571285446870359e-11
261.877502,5.6618119914642096e-11
262.020878,5.7525456620410896e-11
262.164254,5.7104720257994395e-11
262.307629,5.6123494740489793e-11
262.451004,5.587241780347089e-11
262.594379,5.4743039962224e-11
262.737754,5.525126536842779e-11
262.881129,5.57189815120207e-11
263.024505,5.573446912321419e-11
263.16788,5.6256211494742894e-11
